{
  "monotonic": false,
  "diminishing": false,
  "final_mi": {
    "10": 34.72540920659627,
    "20": 69.43773973158862,
    "40": 138.8083976466314
  }
}