{
  "monotonic": true,
  "diminishing": true,
  "final_mi": 138.8083976466314,
  "marginal_gains": [
    3.472674366221494,
    3.4726651253097396,
    3.4726645426936478,
    3.472662792974958,
    3.4726611924225708,
    3.472555644554649,
    3.472542739022352,
    3.472481424026419,
    3.4723778793687994,
    3.4721235000016333,
    3.4720709646675108,
    3.472007077252843,
    3.4719985175601806,
    3.471964899267232,
    3.4713309357857915,
    3.4707982898591387,
    3.470794702003422,
    3.470744653140968,
    3.47034917076987,
    3.470271314685388,
    3.470226227048143,
    3.4701980699153037,
    3.4701834454583596,
    3.4699283239022267,
    3.4696587885803547,
    3.46939794416557,
    3.469262260000289,
    3.468937947669713,
    3.4687906044818213,
    3.4683880435337353,
    3.4682654899846503,
    3.4681063734388515,
    3.4680632651086634,
    3.4679283655898296,
    3.467920075059472,
    3.467709026077283,
    3.46728580762688,
    3.4672256029662236,
    3.4668814744248015,
    3.4663007800105654
  ],
  "max_budget": 40
}