{
  "monotonic": true,
  "diminishing": true,
  "final_mi": 29.28103488721734,
  "marginal_gains": [
    0.7335930088529381,
    0.7335863784655043,
    0.7335861209360155,
    0.7335850004206703,
    0.7335838161779816,
    0.7335104776767019,
    0.7335028308669517,
    0.7334502015439831,
    0.7333887673259756,
    0.733234591894931,
    0.7332052743949684,
    0.7331640930332372,
    0.7331350276814095,
    0.7331324185435015,
    0.7327933830338439,
    0.7324765838073211,
    0.7323199765197401,
    0.7322966344985498,
    0.7322013668308299,
    0.7321327152256616,
    0.7320983935921138,
    0.7318968827692357,
    0.7317741399388473,
    0.731683459558092,
    0.7316266386722393,
    0.731549205560658,
    0.7312701494819354,
    0.7311931950040155,
    0.7310025570633069,
    0.7309220534449242,
    0.7309112253506915,
    0.7308056059114624,
    0.7307403436759106,
    0.7307112248892056,
    0.7306497350058316,
    0.7303166192684774,
    0.7301743737307471,
    0.7300415090020619,
    0.730039864126503,
    0.7297490434403688
  ],
  "max_budget": 40
}